{"v":"5.7.1","fr":25,"ip":0,"op":26,"w":24,"h":24,"nm":"folder_download","ddd":0,"assets":[],"layers":[{"ddd":0,"ind":1,"ty":3,"nm":"Null 1","sr":1,"ks":{"o":{"a":0,"k":0,"ix":11},"r":{"a":0,"k":0,"ix":10},"p":{"a":1,"k":[{"i":{"x":0.31,"y":1},"o":{"x":0.69,"y":0},"t":0,"s":[16.41,15.3,0],"to":[0,0.617,0],"ti":[0,-0.617,0]},{"t":25,"s":[16.41,19,0]}],"ix":2},"a":{"a":0,"k":[0,0,0],"ix":1},"s":{"a":1,"k":[{"i":{"x":[0.47,0.47,0.47],"y":[1,1,1]},"o":{"x":[0.53,0.53,0.53],"y":[0,0,0]},"t":12,"s":[6,6,100]},{"t":25,"s":[0,0,100]}],"ix":6}},"ao":0,"ip":0,"op":324,"st":0,"bm":0},{"ddd":0,"ind":2,"ty":4,"nm":"Shape Layer 1","parent":1,"sr":1,"ks":{"o":{"a":0,"k":100,"ix":11},"r":{"a":0,"k":0,"ix":10},"p":{"a":0,"k":[0.614,-145.97,0],"ix":2},"a":{"a":0,"k":[102.114,-19.97,0],"ix":1},"s":{"a":1,"k":[{"i":{"x":[0.47,0.47,0.47],"y":[1,1,1]},"o":{"x":[0.53,0.53,0.53],"y":[0,0,0]},"t":0,"s":[0,0,100]},{"t":12,"s":[100,100,100]}],"ix":6}},"ao":0,"shapes":[{"ty":"gr","it":[{"ind":0,"ty":"sh","ix":1,"ks":{"a":0,"k":{"i":[[0,0],[0,0],[0,0],[0,0],[0,0],[0,0],[0,0]],"o":[[0,0],[0,0],[0,0],[0,0],[0,0],[0,0],[0,0]],"v":[[250,268.441],[305.322,268.441],[305.322,194.678],[342.203,194.678],[342.203,268.441],[397.525,268.441],[323.762,342.203]],"c":true},"ix":2},"nm":"Path 2","mn":"ADBE Vector Shape - Group","hd":false},{"ty":"fl","c":{"a":0,"k":[1,1,1,1],"ix":4},"o":{"a":0,"k":100,"ix":5},"r":1,"bm":0,"nm":"Fill 1","mn":"ADBE Vector Graphic - Fill","hd":false},{"ty":"tr","p":{"a":0,"k":[-221.648,-214.648],"ix":2},"a":{"a":0,"k":[0,0],"ix":1},"s":{"a":0,"k":[100,100],"ix":3},"r":{"a":0,"k":0,"ix":6},"o":{"a":0,"k":100,"ix":7},"sk":{"a":0,"k":0,"ix":4},"sa":{"a":0,"k":0,"ix":5},"nm":"Transform"}],"nm":"Group 1","np":2,"cix":2,"bm":0,"ix":1,"mn":"ADBE Vector Group","hd":false}],"ip":0,"op":324,"st":0,"bm":0},{"ddd":0,"ind":3,"ty":4,"nm":"folder_download Outlines 2","sr":1,"ks":{"o":{"a":0,"k":100,"ix":11},"r":{"a":0,"k":0,"ix":10},"p":{"a":0,"k":[12,12,0],"ix":2},"a":{"a":0,"k":[12,12,0],"ix":1},"s":{"a":0,"k":[100,100,100],"ix":6}},"ao":0,"shapes":[{"ty":"gr","it":[{"ind":0,"ty":"sh","ix":1,"ks":{"a":0,"k":{"i":[[0,0],[0,0],[0,0],[0,-1.1],[0,0],[0,0],[1.1,0],[0,0],[0,0],[0,1.1],[0,0],[0,0],[-1.1,0],[0,0]],"o":[[0,0],[0,0],[1.1,0],[0,0],[0,0],[0,1.1],[0,0],[0,0],[-1.1,0],[0,0],[0,0],[0,-1.1],[0,0],[0,0]],"v":[[-2,-8],[0,-6],[8,-6],[10,-4],[10,-4],[10,6],[8,8],[8,8],[-8,8],[-10,6],[-10,6],[-9.99,-6],[-8,-8],[-8,-8]],"c":true},"ix":2},"nm":"Path 2","mn":"ADBE Vector Shape - Group","hd":false},{"ty":"mm","mm":1,"nm":"Merge Paths 1","mn":"ADBE Vector Filter - Merge","hd":false},{"ty":"tr","p":{"a":0,"k":[12,12],"ix":2},"a":{"a":0,"k":[0,0],"ix":1},"s":{"a":0,"k":[100,100],"ix":3},"r":{"a":0,"k":0,"ix":6},"o":{"a":0,"k":100,"ix":7},"sk":{"a":0,"k":0,"ix":4},"sa":{"a":0,"k":0,"ix":5},"nm":"Transform"}],"nm":"Group 1","np":2,"cix":2,"bm":0,"ix":1,"mn":"ADBE Vector Group","hd":false},{"ty":"fl","c":{"a":0,"k":[0.9215686274509803,0.2823529411764706,0.3254901960784314,1],"ix":4},"o":{"a":0,"k":100,"ix":5},"r":1,"bm":0,"nm":"Fill 1","mn":"ADBE Vector Graphic - Fill","hd":false}],"ip":0,"op":324,"st":0,"bm":0}],"markers":[]}